            year,CanESM2 (Average)
2013,1886.754517
2014,1600.598145
2015,1779.362671
2016,1591.868164
2017,1825.850708
2018,2081.555176
2019,1930.452271