            year,CanESM2 (Average)
2013,1977.752319
2014,2190.625244
2015,2083.174805
2016,1799.89624
2017,2059.646973
2018,2070.324463
2019,2280.012939